Test_loss,Test_acc,True_Posatives,True_Negatives,rocauc_score,AveragePrecision_score
0.40486140200843396,0.9086360556626882,0.7697131211788681,0.9777482823235478,0.9517571135633114,0.9329813533325573
